データ日付,終値,始値,高値,安値
2021/01/04,27260.453402569834,27574.445289791518,27606.431878156185,27042.274859248217
2021/01/05,27156.104906118155,27150.887949945303,27279.459685979862,27074.893517486
2021/01/06,27053.650356149217,27101.65539580424,27195.982055296685,27002.17076919417
2021/01/07,27490.656469878686,27340.570524543655,27624.270091649927,27340.843553148075
2021/01/08,28138.464142568628,27719.570787349516,28138.557531875394,27667.9843801628
2021/01/12,28163.358677165816,27999.63855859411,28287.207151767194,27899.310944714776
2021/01/13,28456.606388151693,28140.046024614632,28504.862677440786,28133.84439610566
2021/01/14,28699.56994897952,28441.155020733244,28979.530435429875,28411.516687007348
2021/01/15,28518.3535043884,28778.016455788274,28820.850086161176,28480.341887382667
2021/01/18,28242.549596536694,28237.117317687935,28348.5865266837,28112.665616117127
2021/01/19,28634.587611210474,28403.621337892837,28720.457129955663,28373.181700056793
2021/01/20,28522.896238573772,28799.079075473972,28800.77214730713,28396.95254391697
2021/01/21,28755.578972739557,28709.665551152793,28847.075067899066,28677.097717512017
2021/01/22,28631.205623745853,28580.470767636183,28698.11874015424,28529.46491891133
2021/01/25,28822.356948794553,28700.28854227952,28822.317192724404,28567.852282343236
2021/01/26,28545.48310283921,28696.500054471777,28739.032008279795,28526.976910060293
2021/01/27,28635.783807742962,28664.83559746777,28755.532037598343,28541.998377027867
2021/01/28,28195.683352870732,28169.104544885216,28360.56129103168,27975.860132357648
2021/01/29,27663.580422861,28322.60427779516,28322.325763282945,27629.788031437347
2021/02/01,28092.184700056812,27648.53768382845,28107.238270689086,27649.027504522346
2021/02/02,28359.742680634074,28205.273783973626,28381.535509726724,28089.094006577583
2021/02/03,28646.407688942203,28482.735718787968,28669.816301582727,28402.72721515587
2021/02/04,28342.473931247736,28557.70417671756,28600.4196004844,28324.7087758154
2021/02/05,28778.983190938303,28628.257291692007,28784.974652176206,28547.673458193847
2021/02/08,29383.725666756018,28831.571793582185,29401.370071101523,28818.13141018917
2021/02/09,29503.284550515466,29435.678344142278,29584.343840714344,29349.211059585195
2021/02/10,29562.983725137357,29412.483087799425,29561.146286647887,29367.15660527472
2021/02/12,29521.464031883468,29635.70757518125,29647.12928906034,29416.62325829476
2021/02/15,30083.616863459727,29661.064078365427,30092.94540499544,29663.041584318955
2021/02/16,30467.790248163248,30233.952899244337,30713.696687589065,30191.359031812386
2021/02/17,30291.67707652774,30367.16353502718,30398.344376387126,30190.485464292848
2021/02/18,30235.855642242856,30312.162545284853,30560.058345047448,30140.8317486266
2021/02/19,30018.89309453436,29970.019309567808,30169.49396949105,29845.788724493657
2021/02/22,30155.96038980788,30280.055613640714,30458.33520325242,30090.796488998647
2021/02/24,29673.597620931356,30019.25087078118,30091.045628736814,29671.57075041225
2021/02/25,30169.743089101485,30077.425266311082,30212.395736118026,30044.75234947995
2021/02/26,28966.273492099026,29753.445690246062,29759.25318084845,28965.693629755235
2021/03/01,29661.253782444706,29416.230437408034,29686.19090222322,29396.951763364545
2021/03/02,29407.332260909985,29939.490642559645,29998.03220834812,29316.462600647857
2021/03/03,29558.63075617237,29482.14781125068,29606.42188896055,29337.844915838614
2021/03/04,28930.33276122084,29197.230218550867,29278.315776107473,28711.346101508094
2021/03/05,28863.985608512434,28726.0387211897,28866.225525779435,28308.551220550362
2021/03/08,28740.784444576067,29207.15759345957,29256.840776520577,28644.523302367383
2021/03/09,29028.008990782833,28748.44620484631,29052.420833768494,28609.643252090857
2021/03/10,29037.363558931185,29120.082154270458,29233.618727811943,28961.096479465657
2021/03/11,29213.75007726523,29033.236783132,29255.412281348974,28995.922470151294
2021/03/12,29719.237098367863,29285.92446869189,29747.655462065577,29212.239990078055
2021/03/15,29768.436831791412,29804.742084270223,29885.01758727501,29670.522408153556
2021/03/16,29921.481852734432,29770.843160948338,30023.74559987025,29756.663333873945
2021/03/17,29914.582972985278,29836.483252277423,29983.746358275355,29827.320127059487
2021/03/18,30217.776237929913,30147.729652707905,30486.59103451585,30040.784133937716
2021/03/19,29791.693868924973,29905.86201983765,30050.00718410697,29621.201100530554
2021/03/22,29169.9090635539,29446.182750381755,29472.52167653407,29104.041849580764
2021/03/23,28993.810939256247,29381.623210494105,29496.780779222227,28994.02537283409
2021/03/24,28405.358393683753,28765.972629345844,28869.23888861043,28378.98011359287
2021/03/25,28731.175737666337,28457.61265526484,28821.612791702813,28415.826317699775
2021/03/26,29177.134220378466,29069.661506925073,29240.985511300365,28953.34380516235
2021/03/29,29383.614213650242,29478.6655628051,29578.52158352505,29201.20771464237
2021/03/30,29428.004977148248,29364.972395864366,29477.678117069452,29284.045843117237
2021/03/31,29179.434648908213,29277.00663654535,29350.72678110968,29165.75013948947
2021/04/01,29388.3995654409,29443.166844818596,29585.222589689052,29319.779302359384
2021/04/02,29855.745663126134,29704.737493690373,29870.49753257073,29695.170228282324
2021/04/05,30090.44202133996,30082.014258954136,30197.23309852414,30023.763305499007
2021/04/06,29696.289599009564,30209.140549356343,30209.361219624054,29667.84111127178
2021/04/07,29731.489826449833,29742.326901541095,29868.709633188242,29523.080046489133
2021/04/08,29708.974150588852,29675.755592518963,29744.233517935038,29515.2462221999
2021/04/09,29769.183313250207,29863.780330068148,30062.05766338096,29768.124017707003
2021/04/12,29539.20816243489,29875.53319288703,29877.790093911357,29538.289022444722
2021/04/13,29751.390487426645,29606.355245873638,29896.690135398298,29573.54918653718
2021/04/14,29619.35600020564,29717.036091512702,29725.184529575476,29567.474459703502
2021/04/15,29641.793214066238,29574.114153557293,29788.622478609745,29558.73550465351
2021/04/16,29684.402611568352,29789.820948740926,29789.3612700249,29621.494860035218
2021/04/19,29685.49019640941,29687.115856553253,29805.9750315817,29532.11987267347
2021/04/20,29105.19371110467,29355.52508409806,29361.257603763213,29014.438475043917
2021/04/21,28506.817396978073,28659.5001586142,28780.91997642266,28419.738137924018
2021/04/22,29186.888817135117,28883.670562669155,29193.57262705756,28798.92269846787
2021/04/23,29020.308659963717,28939.10050341612,29035.63616633817,28770.965017826402
2021/04/26,29125.334292261854,29090.05229562112,29239.87559634001,28896.675927940632
2021/04/27,28993.378508399153,29174.35137591189,29188.824943656957,28990.115074811332
2021/04/28,29053.525136475844,28934.33583184567,29138.296076505634,28876.95977613627
2021/04/30,28812.35162331608,28997.13837956464,29045.035929776703,28759.542289109097
2021/05/06,29331.723477502557,29024.64639057634,29430.53180949253,28966.564512434343
2021/05/07,29358.260748831963,29330.967333287415,29449.748765042164,29237.326718447926
2021/05/10,29517.8647592115,29374.195969337066,29684.57960230124,29346.054865839014
2021/05/11,28609.513733378404,29239.87412283921,29289.23713495751,28533.610595728373
2021/05/12,28147.73344652491,28710.41369104891,28831.785313788194,27888.536277186584
2021/05/13,27449.878115560605,27930.343834807223,27961.561980352802,27385.43824861429
2021/05/14,28085.46045896356,27724.146039591287,28137.05170865643,27723.11965121599
2021/05/17,27824.6378295826,28308.00201571789,28311.62671068554,27633.3994240931
2021/05/18,28406.17804964574,27932.769321122247,28481.45349396358,27933.57979086712
2021/05/19,28044.841772109892,28030.833505940434,28217.709909572135,27845.270829443223
2021/05/20,28098.285172274434,27876.65627976526,28176.325079205017,27822.237098191414
2021/05/21,28317.693646748034,28268.49756510557,28411.843632521166,28193.135897642325
2021/05/24,28364.55001190116,28212.11911820006,28584.89360855623,28213.713913466298
2021/05/25,28553.389760452523,28516.076979486428,28576.97970616187,28442.43855214305
2021/05/26,28641.85957991199,28395.95344335463,28711.111609765827,28396.06377301215
2021/05/27,28549.633464621016,28543.22156761154,28586.628160702672,28361.40553227134
2021/05/28,29153.5604865468,28911.89459224712,29193.71473880557,28900.27321744592
2021/05/31,28861.291775324436,29020.7672896561,29149.667570185116,28791.469090208007
2021/06/01,28814.461712140997,29000.77361475693,29074.609589002677,28610.93724429025
2021/06/02,28945.57826957574,28730.333661756507,29003.43739836066,28565.127747213402
2021/06/03,29057.47029882044,28891.231979854285,29157.850756995715,28878.642893182347
2021/06/04,28943.48476943792,28903.577671289324,28991.163041021355,28764.594615020174
2021/06/07,29022.750523637955,29213.811640162006,29241.128536024375,28977.159021326595
2021/06/08,28962.73098083794,29047.538373968513,29139.70407433406,28897.265217550925
2021/06/09,28859.899907401483,28904.36489205171,28931.991355564893,28802.084071240293
2021/06/10,28958.62056437398,28799.950973121006,29008.13901039815,28799.333827325343
2021/06/11,28949.619471331345,29029.116281858987,29080.217485647285,28838.83656046768
2021/06/14,29162.59685689196,29153.10719903652,29208.84618612458,29026.13494652438
2021/06/15,29441.604111439727,29255.204666671074,29480.55909432869,29234.331351513494
2021/06/16,29290.813598795474,29308.16493433768,29432.664609547148,29263.789428524356
2021/06/17,29018.52646620926,29149.339341388495,29197.341386480057,28874.178998724143
2021/06/18,28965.613535495246,29136.821152542067,29136.913737599218,28956.874313921453
2021/06/21,28010.04416965799,28506.753435191727,28507.03780819371,27797.377492291303
2021/06/22,28884.397081095114,28513.195179033453,28895.6705963979,28498.649983619354
2021/06/23,28875.06402178534,28886.860602577708,29007.46427397618,28862.67503619049
2021/06/24,28874.030543574296,28811.5085345684,28937.790556247764,28757.13420121774
2021/06/25,29064.108891412176,29134.9662146879,29173.436673874177,28992.57645153161
2021/06/28,29047.838581607488,29111.04793392979,29121.947819137753,28983.816953858528
2021/06/29,28813.47761819316,28927.05234373632,28946.89143525224,28736.859974302293
2021/06/30,28792.01646559375,28895.519973624574,28999.304688745477,28779.90526035887
2021/07/01,28709.029497015836,28830.827649541337,28833.38714861001,28626.128508767586
2021/07/02,28782.04425651175,28719.262168850957,28847.099486679763,28691.843737750893
2021/07/05,28598.040276322612,28709.2271970063,28731.471000279867,28580.64315949378
2021/07/06,28642.891551938603,28678.487176114046,28747.285381661768,28587.563651096356
2021/07/07,28366.966525567314,28262.459187138287,28434.593457438517,28160.652623494287
2021/07/08,28116.830696966274,28332.580528914474,28366.8589119132,28118.273361686835
2021/07/09,27941.344443279293,27740.562801270185,27999.77515378001,27415.251648227993
2021/07/12,28575.416191892054,28414.221651369695,28594.181422528683,28408.67686903478
2021/07/13,28719.821618371716,28715.276357687428,28852.389022623767,28697.330022705824
2021/07/14,28610.017740805073,28517.994511963305,28695.621597116588,28483.950297094572
2021/07/15,28280.898209179242,28539.32651297797,28571.701591147787,28239.372195275253
2021/07/16,28001.748717667222,28039.40656902111,28201.70781618398,27847.179906606554
2021/07/19,27652.24167763837,27662.809261161587,27792.431104611347,27494.70577260373
2021/07/20,27389.846540272352,27352.71713604209,27564.24627652927,27327.804616700425
2021/07/21,27547.940585014236,27745.55558107299,27882.280611915503,27438.608238678775
2021/07/26,27831.550229181772,27988.304410792112,28035.36096477038,27787.951865035506
2021/07/27,27970.472566776036,27912.019670501184,28038.09318373883,27862.83531379119
2021/07/28,27583.99540376839,27675.813442244194,27810.16392750266,27467.664698158063
2021/07/29,27779.91972239541,27722.2450891263,27797.912629173028,27662.65738353272
2021/07/30,27285.51306881063,27677.48466413335,27700.050812531586,27271.94217007204
2021/08/02,27779.374239107146,27493.895061839354,27838.01209433802,27490.596699246245
2021/08/03,27641.483027697213,27578.605893906108,27722.624755203655,27493.56172395928
2021/08/04,27583.611364643402,27612.59096890191,27640.063275842367,27491.331030177294
2021/08/05,27727.423859381248,27530.225096853886,27743.519136524865,27530.94897920638
2021/08/06,27816.37398954011,27709.51193010623,27888.479107519925,27709.720480082586
2021/08/10,27888.290160495784,27886.74235136279,28127.86819831766,27809.302386840238
2021/08/11,28071.0956043831,28047.94413537408,28147.276396426863,27976.129352224514
2021/08/12,28014.83630413606,28176.25265337741,28282.609751800373,28005.055488657945
2021/08/13,27976.19532587781,28037.633808910923,28070.108595550002,27947.946998231477
2021/08/16,27517.464062896724,27805.86278585576,27833.92196691087,27425.843788510803
2021/08/17,27426.035897963222,27668.196724642235,27751.466228420257,27422.820146766528
2021/08/18,27586.12795819132,27419.631374432385,27673.319280381715,27347.18201118961
2021/08/19,27281.55825863622,27398.571370622085,27502.95133207232,27253.79622717669
2021/08/20,27011.984710600274,27239.398595222472,27313.88448310607,26952.610090528502
2021/08/23,27494.26063834202,27192.383707698467,27541.182266533382,27192.453877623917
2021/08/24,27733.753921422445,27652.751297416526,27812.276494693913,27658.249326974998
2021/08/25,27723.149983032377,27769.138091604887,27893.965869293523,27683.21664724839
2021/08/26,27743.796034179268,27792.469877501902,27828.296133392683,27682.22785204698
2021/08/27,27641.07625597759,27581.27795363366,27674.102624047897,27480.970158597454
2021/08/30,27788.23092093999,27867.458296894725,27921.04293828795,27656.9988484574
2021/08/31,28088.867101305466,27690.658013273805,28158.9849067427,27602.51263063783
2021/09/01,28451.849871241127,28180.079361643384,28458.008878720346,28175.086226632935
2021/09/02,28544.634044833172,28523.963009555173,28625.363470702792,28412.223402769294
2021/09/03,29126.527530234518,28626.215285072285,29148.815444726286,28607.10567745669
2021/09/06,29659.036036402904,29500.690976986367,29703.73289259948,29467.082788981832
2021/09/07,29916.150625104365,29884.22644758787,30046.418481688146,29840.984099706868
2021/09/08,30181.192298981045,29819.806299129687,30241.13732756535,29786.101653538048
2021/09/09,30008.701895390954,29958.6679620403,30099.59919133261,29907.590657378805
2021/09/10,30381.981760341067,30090.070733529858,30381.769106066422,30064.381403781645
2021/09/13,30449.423967212657,30374.375339769133,30447.607503074014,30228.82408161907
2021/09/14,30669.050518530847,30586.35134235336,30795.096306591702,30504.383682406435
2021/09/15,30512.06395569623,30462.948716942683,30573.905224828643,30348.054755061406
2021/09/16,30322.954875672054,30610.399439068344,30622.618846191683,30201.88512597798
2021/09/17,30499.869828706047,30387.30269151408,30540.909487965564,30359.56138972928
2021/09/21,29839.261064490987,30021.47805068935,30049.334144989913,29831.576976052052
2021/09/22,29641.65372937764,29747.13592463253,29867.958050817426,29573.39653408593
2021/09/24,30248.9090415764,30141.829327824787,30275.43313153912,30110.81793217282
2021/09/27,30239.299501379657,30276.706499297186,30415.927772612777,30197.107795820568
2021/09/28,30184.359872452675,30142.268442623234,30208.038138008735,30000.817294357854
2021/09/29,29545.415796890888,29611.536599364706,29681.295358308602,29329.367381884636
2021/09/30,29453.398690744423,29566.55016864968,29622.014600284063,29313.31947401229
2021/10/01,28772.090071362367,29234.87253177305,29393.75397101354,28681.75133604783
2021/10/04,28441.32057774633,29044.774755592272,29046.337419822943,28343.975285609482
2021/10/05,27824.7633991554,28050.3652017422,28059.797416065056,27460.364606845724
2021/10/06,27533.221372796812,28033.137269459196,28210.809035230675,27291.993892268907
2021/10/07,27676.40131893004,27665.664599127038,28014.86487304791,27608.62551305672
2021/10/08,28050.081638284002,28031.15650465599,28319.8581350825,28018.27784013016
2021/10/11,28497.47624441652,27978.13992620975,28581.32788357344,27891.487484333862
2021/10/12,28229.92909231434,28459.397813153144,28469.433439043794,28166.40866724755
2021/10/13,28140.748276384194,28084.230511130932,28364.780717901653,27994.321913780415
2021/10/14,28552.85161383337,28263.93359384141,28576.217947837617,28235.592288976008
2021/10/15,29068.07450144169,28786.849357465337,29082.917269002162,28726.4806017641
2021/10/18,29027.305265843344,29093.88358142978,29141.754530022663,28925.4560747866
2021/10/19,29214.208786676572,29116.427780585313,29270.318025918354,29075.388430699055
2021/10/20,29254.994337202275,29386.845899984823,29487.94974932591,29222.998059986512
2021/10/21,28710.897776829715,29153.90905940557,29219.883254727007,28688.766321706673
2021/10/22,28804.743385502778,28577.96096325501,28990.345419381774,28548.146004481994
2021/10/25,28600.222434262,28525.68659468078,28669.714667520544,28469.17169093052
2021/10/26,29106.026949633033,28926.983984649352,29162.00484085446,28893.01359905459
2021/10/27,29097.3180013865,29056.108928413483,29138.08205272393,28871.024721473175
2021/10/28,28821.42837733743,28872.11246110347,28896.259716862023,28696.251551962494
2021/10/29,28891.928277745756,28819.94054381299,28999.0535975781,28475.581149308622
2021/11/01,29644.60615035808,29331.09833889419,29666.475428106616,29266.89274599981
2021/11/02,29519.93323973534,29462.11824308396,29599.179933596064,29457.91540344451
2021/11/04,29795.52672838336,29859.407170447732,29881.60956693465,29719.163239349644
2021/11/05,29611.750851868914,29841.30570698551,29839.186935453043,29504.620915466025
2021/11/08,29507.41089011924,29736.487763221707,29733.822720950342,29507.332731060975
2021/11/09,29287.492461890073,29560.692420258747,29750.082459080666,29239.765877335994
2021/11/10,29106.69888987098,29209.33973118546,29296.747038727666,29077.859032835426
2021/11/11,29279.161021586755,29046.3815462717,29337.105370850342,29037.09921860596
2021/11/12,29607.607531328485,29381.233144318052,29661.33078243892,29379.736481305677
2021/11/15,29777.12143318432,29804.497376275714,29860.809624133562,29717.847710507453
2021/11/16,29808.74964452931,29749.39900869826,29961.10965894247,29680.558058461105
2021/11/17,29688.578018918855,29909.254253330182,29908.91637637181,29621.184459206816
2021/11/18,29598.903481096066,29597.354925428383,29713.44907068388,29402.185277563116
2021/11/19,29738.912320912834,29641.34905895505,29769.919224938723,29591.313156397824
2021/11/22,29774.456740370104,29616.114358939634,29806.54130846642,29538.013893980347
2021/11/24,29301.682972122657,29664.21808781564,29758.14696567886,29211.865085245245
2021/11/25,29500.36082757522,29469.557532763658,29566.74945799466,29446.29111580118
2021/11/26,28752.424241942113,29324.37618552402,29332.760117660935,28604.83093530122
2021/11/29,28279.792143505092,28339.54611950321,28778.531086627434,28187.152802796532
2021/11/30,27820.622828325115,28611.14430651601,28718.856003369714,27820.691050240803
2021/12/01,27938.161211873063,27865.290659418137,28105.092872133904,27591.584779019642
2021/12/02,27753.988780416403,27714.287572107514,27937.402558473263,27646.640861218177
2021/12/03,28029.77105002432,27840.565701030122,28031.4221959018,27588.051818143693
2021/12/06,27928.19560447092,28070.74904177116,28080.873121267163,27692.655414690267
2021/12/07,28455.831124999444,28139.039905400896,28618.253541893704,27961.33830751787
2021/12/08,28860.116764572103,28794.02250372997,28896.856044659857,28621.2038830192
2021/12/09,28725.48996941893,28825.78360288081,28907.491930368124,28725.876785613647
2021/12/10,28435.476806715702,28543.171457215194,28699.2513230621,28392.63374529944
2021/12/13,28639.715911926858,28704.57568340172,28793.266675416377,28594.29893360369
2021/12/14,28432.056333931763,28555.806685309995,28673.950528234585,28310.112000516456
2021/12/15,28457.649403826195,28358.40448100575,28525.64286940655,28359.338592409455
2021/12/16,29066.561489306223,28868.6597312756,29070.35213283499,28781.622764364853
2021/12/17,28544.293261728224,28854.248990781714,28905.01711451966,28503.00009695947
2021/12/20,27937.42352159402,28324.547721957082,28442.856008040268,27891.596439427267
2021/12/21,28518.520333569348,28310.043583876726,28532.58564938332,28226.372610860755
2021/12/22,28562.22702102949,28614.110931909927,28674.110762499964,28474.97309966198
2021/12/23,28799.964802715207,28702.936573274997,28796.91862750184,28640.255599869954
2021/12/24,28782.05884501614,28835.66565162922,28869.397310492866,28772.498237516684
2021/12/27,28678.25574848706,28786.278079587966,28805.16845556938,28659.071663924275
2021/12/28,29069.487698381003,28953.608296658414,29121.990633687717,28879.933006228603
2021/12/29,28905.76871626481,28997.66862015792,29103.243208429634,28730.087267452687
2021/12/30,28788.71086410919,28796.6168283615,28901.81390778086,28579.859870476976
2022/01/04,29303.385615769446,29098.006337461302,29322.087759754028,28955.884902371577
2022/01/05,29331.777820052634,29289.816127132966,29391.293446265096,29204.309529002734
2022/01/06,28485.93812743806,29137.67084085817,29161.224949827072,28488.580994152177
2022/01/07,28477.524296542917,28711.56116714292,28812.970911416694,28293.639614972766
2022/01/11,28223.22531951273,28382.040298115535,28469.122904576085,28089.732191500396
2022/01/12,28767.76783140432,28451.287893105993,28812.697628206122,28427.699269278168
2022/01/13,28492.768925094046,28657.70948524562,28660.357136050683,28445.664848750064
2022/01/14,28122.704888272758,28249.25824419648,28254.282848743227,27887.694946777192
2022/01/17,28333.530392905075,28332.824299035758,28450.508821366846,28272.712337281286
2022/01/18,28257.33778003197,28449.872567848426,28690.33133925203,28128.772533557432
2022/01/19,27467.239382677162,27929.6314913028,27958.63149305492,27314.658567481343
2022/01/20,27773.092021235007,27401.497668367254,27882.445988873667,27217.91385022805
2022/01/21,27527.10635185056,27404.053547897343,27584.257044652957,27135.292718979163
2022/01/24,27589.24261531785,27259.174233508085,27630.34222581216,27205.375531680365
2022/01/25,27131.096726499654,27467.93646920107,27493.675903105708,26892.733292597553
2022/01/26,27012.608331903124,27106.582727386565,27185.018961115617,26859.380015640847
2022/01/27,26170.666121598675,27139.16957137239,27192.771843750234,26042.978211193065
2022/01/28,26715.81967187137,26423.760054517094,26764.911142259938,26289.05424237609
2022/01/31,27001.48042821865,26688.661347686306,27133.015426174356,26541.482629527083
2022/02/01,27081.767028690254,27168.699875695373,27412.739381927848,27015.679927806843
2022/02/02,27534.649465681217,27309.051774527074,27564.982507298253,27290.683548041277
2022/02/03,27238.21258689293,27331.778497341867,27357.775304936073,27165.738399819733
2022/02/04,27440.67836261406,27096.22523417396,27455.297120324885,27076.66554907611
2022/02/07,27249.09450091271,27327.53609839853,27369.895569924167,27084.693452221883
2022/02/08,27284.50086420704,27316.084154253444,27461.499336032986,27279.530711967753
2022/02/09,27579.363762192443,27486.394851556943,27633.782769199424,27405.858285858933
2022/02/10,27696.683088357422,27817.62228512644,27880.401730243295,27574.207112039996
2022/02/14,27079.829942105047,27305.799523728507,27324.790595387272,26946.86928521573
2022/02/15,26863.82273679914,27184.522031025015,27207.14358302907,26725.209714940454
2022/02/16,27460.27400892203,27265.952500424795,27486.40295738357,27227.478174084976
2022/02/17,27233.128670105234,27432.71600838518,27438.84292189076,27081.55771800645
2022/02/18,27121.78226447192,26893.30164511754,27213.76265346537,26794.000385463034
2022/02/21,26911.077388411613,26773.005260879174,27000.70812285896,26547.983155710706
2022/02/22,26448.717938320424,26515.82107168817,26551.746307639263,26243.87615750006
2022/02/24,25970.979125966995,26281.55863791791,26358.4458361581,25776.20639063035
2022/02/25,26477.15705111418,26214.03581621188,26482.214233492377,26158.897730358087
2022/02/28,26526.765342975068,26458.910571353255,26646.34591927461,26262.953709783436
2022/03/01,26845.69937709106,26838.891514725725,27014.376125622544,26822.46684189349
2022/03/02,26389.17116090399,26532.13245108829,26585.780084531212,26314.36916265409
2022/03/03,26579.42492807638,26628.415071005165,26705.307636343925,26496.67278856122
2022/03/04,25985.925166006735,26423.08603201298,26423.03608257859,25775.633883135662
2022/03/07,25221.00725604869,25633.07354559155,25639.084269509724,25005.880234226166
2022/03/08,24791.186502863824,24975.190940479435,25291.102267433434,24767.780571538988
2022/03/09,24719.287778312726,24876.593350425697,25084.36899698511,24681.593459805204
2022/03/10,25692.18592256632,25108.31486611339,25720.23074293906,25099.837449553652
2022/03/11,25161.88073828545,25496.21331850696,25499.336953372916,24969.76414372035
2022/03/14,25307.674610592494,25339.520934100346,25628.201084466487,25299.465426808416
2022/03/15,25346.49344275816,25226.616424277632,25442.429402795864,25219.993687929677
2022/03/16,25761.8239272591,25572.964619262686,25825.478193566087,25471.131242738167
2022/03/17,26652.13611362795,26170.286536724983,26702.73851352778,26153.295888593664
2022/03/18,26826.986854866234,26650.21887121522,26861.47343381198,26600.59865132481
2022/03/22,27222.988416531884,27088.609238094105,27283.2778517359,27076.401478570686
2022/03/23,28040.39304246189,27606.114146885255,28054.0287150596,27604.320519179433
2022/03/24,28111.95845471473,27694.164078275968,28110.573006311773,27620.481112516944
2022/03/25,28149.983267658172,28339.079534109238,28337.880392552754,27944.19665827909
2022/03/28,27945.955311698308,28081.721968559556,28084.498647400487,27811.143962609076
2022/03/29,28250.807316557348,28173.226165621778,28252.21454225509,28064.577638337916
2022/03/30,28028.758601229765,28252.625161827593,28278.466345126275,27735.678279862605
2022/03/31,27822.424637098036,27811.973763222246,28101.307045151767,27764.29379444481
2022/04/01,27670.568099177923,27623.49579889607,27738.32408699758,27401.184703006515
2022/04/04,27736.538621965534,27683.45808866313,27756.499902978743,27577.291642890734
2022/04/05,27787.995191296817,27965.76653834943,27964.92671653442,27662.290366307778
2022/04/06,27348.78703761676,27536.730645507178,27549.939709651124,27215.407732162945
2022/04/07,26889.156073492835,27032.82381277008,27042.500504219868,26801.84339076685
2022/04/08,26986.6322750791,27096.3607350891,27186.964201248506,26759.221035056402
2022/04/11,26821.30973941402,26877.55834178457,27007.071586957427,26722.22010004754
2022/04/12,26335.519127189305,26607.33518360793,26677.489366237627,26304.189663446512
2022/04/13,26844.014755941665,26433.97984513552,26886.009933605597,26425.6260730314
2022/04/14,27172.085375031125,26925.497601088282,27204.165574492636,26891.408025718476
2022/04/15,27091.832110090123,26933.617444657477,27202.757141380516,26783.798961845332
2022/04/18,26798.650748571734,26833.26615327096,26852.14594410448,26572.15340314662
2022/04/19,26984.90985033577,27093.397802689826,27099.724977267237,26779.28212398802
2022/04/20,27217.97502830941,27211.694677404543,27389.813460744692,27067.141093280767
2022/04/21,27555.853077480097,27259.600780474622,27580.24388297282,27253.5405382699
2022/04/22,27105.68359381666,27196.229161471438,27204.761142494193,26906.845894179587
2022/04/25,26591.38906334833,26691.634527298338,26764.680379309328,26487.32626485372
2022/04/26,26695.85758181342,26743.574333994213,26806.09131107307,26591.280201171467
2022/04/27,26387.44285879318,26313.06644315882,26406.854521277295,26051.24655462813
2022/04/28,26847.78507744844,26429.847945724014,26877.258395506273,26348.098020499685
2022/05/02,26818.391690010158,26850.782742358595,26965.515777006593,26611.79584574145
2022/05/06,27004.542753186437,26783.915705383308,27073.122533572743,26541.769550194997
2022/05/09,26321.544894867846,26705.78731380347,26731.460615442535,26308.29441735376
2022/05/10,26166.964946939544,26151.797754439987,26246.145152643927,25774.250020792617
2022/05/11,26214.78390044084,26046.581965071262,26289.241020134552,26002.128414417104
2022/05/12,25751.70915802941,25946.289196842397,26028.3253253222,25688.449334781337
2022/05/13,26429.3192030735,25918.87303425138,26480.817723493856,25903.184860596903
2022/05/16,26547.168624760146,26754.21624099997,26835.17640785882,26437.366829340084
2022/05/17,26656.403669575386,26557.913751856955,26707.99558096565,26442.778836986166
2022/05/18,26911.52741494276,26829.359449091884,27054.57996099431,26741.513112426896
2022/05/19,26405.500360532526,26435.356026440495,26457.783981859335,26150.719723465052
2022/05/20,26738.78553605132,26449.45713182886,26768.596774623886,26426.419014002917
2022/05/23,26999.457584432526,26990.827158909266,27046.56058510745,26831.295263548644
2022/05/24,26747.91673232296,27006.414332355373,27005.22065300292,26734.50059981967
2022/05/25,26676.597071070384,26712.318093063353,26796.412996139756,26577.721784285102
2022/05/26,26605.65426853513,26685.027580415113,26899.035809923593,26597.813421518516
2022/05/27,26781.543878513043,26947.204666094745,26996.66477402357,26730.790802523337
2022/05/30,27370.728163542815,27092.76261374064,27398.31637798025,27057.431707015527
2022/05/31,27279.767553949496,27318.423963937355,27463.73088493367,27250.09336702434
2022/06/01,27457.628366936453,27296.424962702124,27479.922167310953,27295.164820938342
2022/06/02,27413.861937588412,27339.69511303049,27453.22845917835,27250.49912091851
2022/06/03,27761.5346492354,27661.185234944733,27776.419848760408,27613.125448640294
2022/06/06,27919.295847004192,27546.189342656522,27978.6524359203,27524.96211916004
2022/06/07,27945.164944689124,27985.157335949567,28093.727349124318,27864.474137175806
2022/06/08,28234.184036839724,28100.60675093734,28233.522037813207,28088.6215906888
2022/06/09,28246.76318515092,28188.882945936653,28390.23696657364,28188.24716286906
2022/06/10,27826.946872683264,27996.79160544616,28043.827882445526,27797.11317981967
2022/06/13,26985.768848796586,27368.5040547025,27389.210044910786,26948.68296677023
2022/06/14,26628.88854568268,26556.559719832905,26658.64516659198,26358.61869106901
2022/06/15,26326.805358046935,26626.284403532452,26638.94961197333,26322.595716851854
2022/06/16,26430.16337459044,26714.372215725907,26944.890705963724,26430.34252195406
2022/06/17,25962.007392673797,25987.0127489911,26072.14664702267,25721.13561223229
2022/06/20,25775.211296240865,26157.76930719239,26157.93642207185,25521.80183333147
2022/06/21,26247.74085039882,26071.501197727554,26419.807600423446,25972.035587321825
2022/06/22,26147.638878932372,26440.763689000294,26463.496764847594,26146.304979051205
2022/06/23,26171.04203152313,26133.448189271585,26403.615976327685,26040.19564372418
2022/06/24,26493.238023489197,26227.66863153681,26519.12339520459,26146.938833472672
2022/06/27,26867.3850350643,26739.186475973995,26938.479887980124,26664.766062726634
2022/06/28,27050.862045661936,26797.399225069876,27062.8557242189,26789.446266356656
2022/06/29,26804.772035706323,26814.193568432842,26858.500553215123,26685.296085233353
2022/06/30,26393.388136881254,26754.336074419916,26754.05528832364,26325.55939067901
2022/07/01,25936.047241397944,26460.642760843697,26531.051993121026,25840.32630014329
2022/07/04,26155.1559104737,26088.50854251714,26261.13264433242,25944.980581205105
2022/07/05,26423.66017985062,26386.223922132325,26533.416340476964,26294.903962585726
2022/07/06,26106.727057140157,26190.168107285102,26297.636042584105,26050.27773428791
2022/07/07,26489.46130447784,26277.017299870964,26532.641640036334,26136.48323042763
2022/07/08,26519.104589642106,26623.20158393719,26879.310188506955,26511.217276476746
2022/07/11,26813.36207330493,26894.874993464055,27062.4078753415,26711.049547915078
2022/07/12,26338.40237281886,26700.732669805115,26718.93912679577,26276.611099948288
2022/07/13,26477.98714048124,26405.267418322936,26542.65606681103,26388.920266125828
2022/07/14,26643.820153398643,26359.69424799218,26711.77883887396,26313.27549932502
2022/07/15,26787.264609482216,26736.32157460155,26859.31406035237,26570.14474440021
2022/07/19,26961.39084656551,27002.983228043693,27043.719713825183,26792.02315279158
2022/07/20,27679.886508310323,27295.64876133221,27690.948615065634,27293.798594761836
2022/07/21,27802.818390834498,27627.213514277755,27804.5143416264,27551.79280382198
2022/07/22,27914.86397010764,27775.015310077764,27952.47866883494,27701.805264977444
2022/07/25,27699.835362181326,27696.46506918846,27850.25246686499,27663.167636510676
2022/07/26,27654.45052383583,27682.23024331086,27713.763636736923,27539.18164627639
2022/07/27,27715.327280258138,27575.10622542393,27770.552642700728,27523.8967493547
2022/07/28,27815.138458665348,27908.787805118023,28015.148292373,27651.82028128775
2022/07/29,27802.57188794101,27916.205407310277,28001.75849787136,27726.459744008065
2022/08/01,27994.27635746009,27813.65500302742,27993.45618234503,27751.597377838065
2022/08/02,27595.49328352615,27812.398047677227,27829.052604944623,27534.23241474848
2022/08/03,27741.77884864255,27671.634078615272,27836.172757956523,27635.05589519614
2022/08/04,27932.0771779069,27931.91203070581,28004.655759413236,27873.669518722425
2022/08/05,28175.739615896757,27916.86211489132,28190.40556633479,27909.710451930838
2022/08/08,28249.30383224733,28049.15526215108,28282.50194604374,28047.66488498298
2022/08/09,27998.60277314991,28235.587610986822,28256.88719975885,27966.553952679435
2022/08/10,27822.912891695152,27955.6068374367,27965.243560730454,27728.45886414151
2022/08/12,28551.468003101792,28252.095765885613,28545.236701636477,28206.430036177266
2022/08/15,28873.480451469895,28624.06837094216,28897.882365550802,28624.834276590336
2022/08/16,28869.02056710697,28827.993967632083,28927.863287235818,28752.129936983438
2022/08/17,29222.579182721372,28954.531770478872,29224.08231531536,28943.799820429365
2022/08/18,28942.637761775542,28954.691422502965,28999.735086784618,28846.90527839441
2022/08/19,28929.942610982267,29094.883609228913,29151.110039692103,28911.893313953267
2022/08/22,28793.383105348712,28651.655486013045,28825.21274871259,28586.587682700334
2022/08/23,28453.030079782253,28581.909652488892,28579.820389215172,28393.412358574176
2022/08/24,28311.611256082262,28481.33533577406,28515.535767607933,28281.5770244319
2022/08/25,28475.510776831365,28414.053624236763,28535.069462426767,28357.531090030538
2022/08/26,28640.095157819047,28638.513265159432,28793.693737174253,28610.70907026354
2022/08/29,27879.9381692372,28161.09410447049,28179.197149179345,27788.70729867283
2022/08/30,28194.466925307403,28084.700361203413,28233.27756978476,27946.744005002947
2022/08/31,28091.960442114407,27930.319983463913,28103.521989379264,27906.91248138236
2022/09/01,27662.10559699865,27797.01414263269,27832.1596213975,27589.866519431176
2022/09/02,27649.94541296882,27755.402004210388,27773.027591078568,27568.845607883693
2022/09/05,27622.446080288413,27567.056584918224,27673.706476222622,27506.52041019452
2022/09/06,27624.84271800301,27649.000532411814,27811.49310456911,27560.28414251448
2022/09/07,27430.339630498336,27542.512407460606,27546.903078161256,27266.823036258676
2022/09/08,28065.011698123395,27733.293070668053,28084.804179067403,27719.26351812652
2022/09/09,28214.99304333167,28204.39986844208,28283.930670950114,28090.291471830533
2022/09/12,28542.667953869364,28488.422388898674,28616.159658345307,28436.95369897057
2022/09/13,28614.733906475853,28558.266606276924,28658.32828763973,28529.623239802677
2022/09/14,27816.53775244294,28132.59847180321,28140.358011747696,27796.249944529936
2022/09/15,27872.902862187002,27873.64857898423,27945.4388125757,27801.84113108054
2022/09/16,27568.18876439263,27626.175248896478,27654.77551564582,27524.86626286848
2022/09/20,27690.231388876928,27787.833121395277,27908.34496928483,27628.099818292863
2022/09/21,27308.282688208685,27441.050855239995,27470.377489241757,27297.053967599084
2022/09/22,27152.603421505715,27055.001609510186,27195.768957876193,26955.607045672008
2022/09/26,26431.50393296349,26778.97704558635,26778.63407682544,26425.449044190413
2022/09/27,26571.29650297067,26586.150674706132,26680.541738245094,26521.36712184804
2022/09/28,26173.872174346427,26423.923672106124,26517.45695964768,25939.030024230007
2022/09/29,26421.86013422104,26281.05287039262,26458.063893412233,26221.8847908464
2022/09/30,25938.152224074816,26241.652925335395,26274.911121692654,25804.709822182565
2022/10/03,26216.271850471767,25777.701809418486,26224.471679736933,25623.30909060166
2022/10/04,26993.238019973167,26651.367102029842,26994.621926530202,26632.529608300345
2022/10/05,27121.22339973992,27211.55106164865,27216.125852262332,27031.31961175632
2022/10/06,27311.910803368493,27136.269850744113,27399.824516577723,27138.0151313373
2022/10/07,27116.092325761474,26976.88930900656,27199.246721819058,26922.956958433897
2022/10/11,26401.351966845803,26757.35946055287,26760.328564661282,26371.55478533165
2022/10/12,26397.76437827214,26356.027446903587,26494.659666255375,26313.552264930593
2022/10/13,26237.077863091326,26399.138245348284,26408.930690738656,26238.764096811465
2022/10/14,27094.422124508066,26601.921937573992,27180.196426450417,26595.698606769587
2022/10/17,26776.879537159366,26785.00908138326,26815.21815888663,26649.138156269993
2022/10/18,27155.437552729818,27165.392963466624,27231.146686421715,26910.179259361405
2022/10/19,27256.82369140632,27225.949927759502,27371.030265719663,27193.316846165828
2022/10/20,27006.12683348914,26983.12837616257,27093.12356291253,26874.182222688913
2022/10/21,26890.79335972563,26902.997355374308,26984.221573622333,26869.574674740554
2022/10/24,26974.50502691749,27232.264959610355,27310.199323240446,26973.88505526265
2022/10/25,27249.88491296426,27113.4572870291,27338.967204441557,27073.01910055658
2022/10/26,27430.76016807164,27409.22453515562,27579.54476688772,27404.05073715525
2022/10/27,27344.793752332884,27405.736303286463,27450.38182896851,27328.22869253104
2022/10/28,27108.188707967543,27097.85005384709,27265.819874016313,26980.098735630152
2022/10/31,27581.748844190664,27405.229254565907,27602.96251173741,27391.562688220572
2022/11/01,27679.2301366068,27614.763236426195,27683.503181829656,27525.23726221191
2022/11/02,27663.36945877167,27562.28237680084,27690.096610999353,27550.595631005253
2022/11/04,27198.360052761524,27372.76718299292,27390.46118351188,27032.31000883357
2022/11/07,27527.68887972733,27406.603940476813,27578.56904121431,27352.61585033379
2022/11/08,27871.597135246047,27719.09253643182,27944.944163274875,27705.865452045215
2022/11/09,27715.93028617902,27884.841601386393,27926.788087563404,27689.297273152355
2022/11/10,27447.25813563249,27455.919624668408,27485.412885071655,27369.755649623203
2022/11/11,28264.88319875445,27870.214314585744,28328.781992844764,27837.18925200248
2022/11/14,27963.515721423446,28277.323967160286,28305.699719389162,27962.81431564336
2022/11/15,27990.232804248408,27939.98246105139,28039.112371860614,27903.55189354525
2022/11/16,28028.22543884373,28020.750584883066,28070.19133990095,27743.255785309517
2022/11/17,27932.53847106672,27951.920592116505,28030.265495769574,27908.848984916207
2022/11/18,27901.49327989513,28010.573267739972,28045.602614874548,27876.893453986286
2022/11/21,27944.18120438712,27983.565362203095,28008.609479432344,27848.32618524966
2022/11/22,28115.032610054062,28060.852229649867,28205.223369169365,28037.539834049006
2022/11/24,28383.009099693172,28372.80598306165,28502.415115454212,28363.22658042764
2022/11/25,28284.465984853152,28398.188658417545,28401.66411811716,28263.87056161716
2022/11/28,28161.173524698974,28219.134065327937,28238.396158899395,28046.87816643449
2022/11/29,28028.678335532157,27991.011973686298,28054.319304351862,27900.363183673147
2022/11/30,27969.460951890727,27884.984242788873,27974.727491943864,27801.196197508598
2022/12/01,28224.99604744145,28273.925444745513,28423.400658870454,28225.384677624847
2022/12/02,27778.651747347463,27981.979746861783,27983.955574328178,27663.2249259773
2022/12/05,27819.34677668743,27751.856296680537,27854.701429931574,27702.525461119134
2022/12/06,27883.642341577906,27703.972520552044,27933.378339038856,27699.700647526242
2022/12/07,27686.22367750949,27668.63583800155,27785.581993490345,27647.233556057607
2022/12/08,27574.72698657182,27622.905060925616,27643.497020673676,27415.12918982283
2022/12/09,27900.956027524593,27636.84669382257,27952.498851464876,27633.666533539807
2022/12/12,27841.63380234059,27741.754173337053,27869.141555161186,27734.352382977202
2022/12/13,27953.76243606569,28065.414528450765,28114.989894596238,27907.589232874456
2022/12/14,28156.766549625227,28007.644271144265,28196.827548374273,27994.767948546356
2022/12/15,28051.224516601153,27992.4966307063,28162.227099483232,27987.90654123999
2022/12/16,27528.834683603953,27706.054659692778,27713.285152199092,27488.697204154665
2022/12/19,27237.943006333746,27280.151003329756,27352.17838731156,27165.273656589776
2022/12/20,26567.72837710611,27258.2913207886,27340.71491340413,26416.59114314222
2022/12/21,26387.73760713665,26544.622744337343,26615.633838378773,26269.573351829244
2022/12/22,26508.76221314804,26552.604974789552,26585.73877145493,26398.958590191374
2022/12/23,26237.241712152427,26206.89426095556,26292.092947262412,26106.21918427736
2022/12/26,26406.131023488546,26299.18246030452,26439.486785668905,26296.247180233197
2022/12/27,26448.61950117935,26570.370095459773,26616.86263906674,26448.55038146065
2022/12/28,26343.946679778106,26308.064094700112,26350.614206941005,26199.454543773416
2022/12/29,26092.498440998937,26071.689931948342,26126.96234658344,25954.20716316517
2022/12/30,26093.5359034124,26287.688481572466,26320.914511929263,26067.30404108486
2023/01/04,25720.246731233252,25836.135329274985,25840.98566537531,25662.319386708852
2023/01/05,25820.98096546437,25827.341301771696,25946.725723847187,25751.76589942272
2023/01/06,25975.39460196908,25745.518819974153,26033.943043287476,25720.199971725004
2023/01/10,26178.210037570832,26176.48633177906,26317.563722444607,26133.645095645792
2023/01/11,26446.89779336973,26363.48469121489,26480.373613647425,26332.379607747393
2023/01/12,26448.809090153096,26519.044072628563,26547.597907939,26382.066663030877
2023/01/13,26118.82916341816,26391.7529081461,26408.027397277812,26089.987994132796
2023/01/16,25823.0274201739,25834.780611366892,25938.01910627349,25747.04298387187
2023/01/17,26138.372635736534,25917.771998024175,26199.808776072772,25894.812130670554
2023/01/18,26792.1387159195,26251.386442977924,26818.029916372925,26213.607690185225
2023/01/19,26405.559906134433,26540.642784180065,26593.64745649143,26369.65205679607
2023/01/20,26555.555511424707,26347.190243279383,26552.930201166753,26321.620458668178
2023/01/23,26903.43775104135,26878.14424609192,26940.88120570597,26788.35105359436
2023/01/24,27299.66881911652,27150.42001809599,27382.494765206542,27152.11482203303
2023/01/25,27394.659055057706,27175.9807368366,27473.163850011668,27177.635919213062
2023/01/26,27363.09297993315,27444.45525598234,27500.910720831143,27284.55147516977
2023/01/27,27384.21469586392,27428.06925315627,27452.193745495173,27327.037905929767
2023/01/30,27432.814184827173,27384.287811220755,27486.070869438325,27336.37074757278
2023/01/31,27327.114433131923,27457.932815344087,27493.716144439295,27302.10619239016
2023/02/01,27353.461083667902,27486.199588884672,27548.530827700786,27323.149105383956
2023/02/02,27402.296943179204,27453.133431954604,27472.056966798333,27336.475687884275
2023/02/03,27509.689362266345,27456.43847595705,27612.60703107437,27446.047293747873
2023/02/06,27693.91845342853,27765.351696479895,27819.73050361847,27656.241614855873
2023/02/07,27685.27421479777,27744.759818342423,27815.245487510532,27662.569090218654
2023/02/08,27607.46548259892,27691.01127570023,27719.134211613604,27460.777939860334
2023/02/09,27585.439187439584,27453.40525032895,27635.212138122817,27421.500110266905
2023/02/10,27671.478374124323,27711.32164639977,27812.29067553096,27606.94901066637
2023/02/13,27428.630827588124,27550.0830535808,27570.14268570888,27268.095349390747
2023/02/14,27603.084000309693,27704.017717559844,27721.10481672129,27554.38331665374
2023/02/15,27503.468295337036,27684.66151260815,27720.75326728359,27443.571881951408
2023/02/16,27697.96815746309,27655.57959222812,27726.86648544265,27597.335470477894
2023/02/17,27514.57866883566,27484.677229946647,27608.186507412258,27466.811551147126
2023/02/20,27532.517055108827,27497.531030500773,27532.56862744888,27425.491447911576
2023/02/21,27475.18469245124,27487.83443013318,27536.26423690382,27358.78620942422
2023/02/22,27103.86355338626,27266.808978583962,27301.452213809014,27045.06565311118
2023/02/24,27451.15063361217,27142.98267630962,27465.09099669569,27128.761535162943
2023/02/27,27425.500950064397,27321.066498054697,27456.048830982723,27293.26059268043
2023/02/28,27443.964905534238,27515.380069508472,27585.353851635595,27400.95286335006
2023/03/01,27516.146467637634,27363.381177674273,27528.664378121026,27306.301435823167
2023/03/02,27497.692783263923,27564.143040851282,27616.94368184313,27409.572245312218
2023/03/03,27927.091277012154,27683.625158392373,27961.94566146628,27654.618344813996
2023/03/06,28239.38185204845,28184.374986498646,28288.498716635593,28153.710172339455
2023/03/07,28308.95190710239,28201.78645153357,28398.35005470984,28201.80961339018
2023/03/08,28444.712748063306,28236.483686671854,28469.266680738965,28233.02830743724
2023/03/09,28623.650404341304,28647.28024065904,28736.2306665437,28559.4303415987
2023/03/10,28145.97125928727,28383.978006141468,28424.31692747466,28118.582144505996
2023/03/13,27832.257089088453,27884.66774521193,27907.226715288565,27632.346978241876
2023/03/14,27220.892970523586,27457.293598496857,27457.039325175756,27103.598608881504
2023/03/15,27229.590385453022,27420.54596783929,27425.08577504188,27106.016845235787
2023/03/16,27012.809556191347,26798.44174250764,27057.177140087093,26633.48260960056
2023/03/17,27338.302137319173,27232.371194598898,27356.837542313202,27070.694746356337
2023/03/20,26945.096562876195,27253.70034395229,27368.109160767977,26947.002409632758
2023/03/22,27466.92924956118,27298.585354565963,27521.06044873571,27267.712535412567
2023/03/23,27420.67205002111,27232.39866794156,27460.21212267206,27174.3342138572
2023/03/24,27385.249751718253,27368.910520493926,27396.520833061164,27259.110552307495
2023/03/27,27477.79486450038,27484.901219670905,27543.340469594965,27358.40281558591
2023/03/28,27517.20068073599,27573.252264291074,27603.813446288634,27431.7212837933
2023/03/29,27883.746631602568,27552.66680847703,27897.818359448323,27506.355796405554
2023/03/30,27782.139621137063,27828.07383676645,27877.364548858386,27631.324772574342
2023/03/31,28042.09201772638,28009.85078207142,28121.71649794175,27986.218543270264
2023/04/03,28185.145366529126,28203.68194510144,28258.05766284764,28118.413870690565
2023/04/04,28285.629497828708,28215.137306955574,28287.34331527636,28140.150658119022
2023/04/05,27814.255059582574,28112.097963042597,28133.821648904912,27790.341311972585
2023/04/06,27471.21133800058,27587.741826705285,27608.77873075411,27429.027042607802
2023/04/07,27515.43015628116,27554.23670987112,27591.04762709415,27456.42045121397
2023/04/10,27634.811168575496,27658.819033861153,27740.10032593924,27598.487108538622
2023/04/11,27919.779833637014,27897.868605953663,28068.668496969214,27855.50513849191
2023/04/12,28082.889069553763,27985.921137867368,28122.078459417546,27980.670142795818
2023/04/13,28157.343095959008,27952.584028383,28163.564064587146,27952.510074337926
2023/04/14,28491.41170799831,28319.49244770335,28514.020260415768,28282.940082963367
2023/04/17,28514.194448051792,28541.17164730109,28600.564116985817,28412.52484334945
2023/04/18,28657.67434814349,28568.026477603402,28696.309887807645,28522.44962396411
2023/04/19,28606.599042500395,28621.162837161588,28676.608883057208,28530.490382130673
2023/04/20,28656.39095327438,28470.96351631194,28694.91735844027,28441.339796032385
2023/04/21,28564.374631678438,28591.426538869364,28778.15756406378,28527.135253353645
2023/04/24,28593.573304862504,28632.878304065398,28680.760129539514,28566.73360595374
2023/04/25,28620.024230368483,28696.718547335004,28808.47593670888,28610.426693219662
2023/04/26,28417.265075882784,28477.82103747861,28550.870938623353,28317.28063508132
2023/04/27,28456.69392000767,28340.841310396205,28460.13207311619,28241.729447294536
2023/04/28,28859.57138972793,28706.516143172656,28879.470269705096,28500.302763776916
2023/05/01,29123.403640223827,29059.063103862314,29146.071083513736,29018.32374187503
2023/05/02,29160.038057742677,29279.578254403186,29280.172270901552,29082.475749682388
2023/05/08,28951.045787266852,29095.750668398574,29146.054491616967,28931.3361042241
2023/05/09,29244.49704256642,29023.462537599196,29261.716044847777,29020.32966180943
2023/05/10,29122.64041291685,29189.206195337076,29195.642907687987,29070.642989353684
2023/05/11,29123.356070852897,29109.471020402165,29166.990549307797,29029.403930100918
2023/05/12,29385.673903620806,29200.23391615364,29423.272681191516,29141.760074306112
2023/05/15,29627.510997370966,29547.010260710395,29632.8728932259,29475.768283533733
2023/05/16,29842.97170238307,29838.334021707902,29918.08941977011,29779.325966035583
2023/05/17,30094.438968548813,29911.616719865357,30115.748436884878,29911.55655988117
2023/05/18,30572.789829998004,30434.569958901346,30670.383422325853,30381.756562385774
2023/05/19,30807.348152581257,30847.119159082864,30919.28448636722,30679.80441949434
2023/05/22,31088.023458540727,30735.837135091468,31090.62894259831,30688.329899634737
2023/05/23,30959.136901499693,31244.516004889196,31354.09922739131,30827.368461291633
2023/05/24,30683.186468664982,30724.377805586937,30857.255820593484,30566.401427811936
2023/05/25,30800.91186568901,30597.632379690112,30890.105524799998,30556.676170995444
2023/05/26,30916.808551397204,30909.40259285394,31101.24907199981,30865.23621887218
2023/05/29,31232.22662717521,31386.570164292443,31561.93614207514,31164.22937635669
2023/05/30,31328.090816346346,31196.29827281878,31376.042683968346,31065.929363858384
2023/05/31,30887.721085871915,31055.622658730805,31145.644770869385,30787.568660108518
2023/06/01,31148.498454928165,30884.141312629075,31185.71983933917,30854.035934061034
2023/06/02,31526.73995448261,31302.032292800013,31554.958175871237,31257.59395864088
2023/06/05,32219.904300600912,31863.741298219385,32221.904167689314,31800.22544797824
2023/06/06,32505.95483422732,31988.572057779224,32534.68813751833,31932.273271108465
2023/06/07,31914.157146310306,32620.643872024393,32707.985913640376,31913.523073165114
2023/06/08,31643.634742042283,31871.97213169053,32036.732519332774,31417.680235358126
2023/06/09,32266.5339048316,31926.73193025439,32302.369857082478,31899.535016252612
2023/06/12,32434.040826479828,32413.65985487751,32517.51676093282,32279.128109722795
2023/06/13,33017.38968130171,32669.35039172483,33127.94817607691,32640.83285063976
2023/06/14,33503.084291442654,33330.97755510709,33665.592810999646,33202.860248851706
2023/06/15,33485.63759390051,33493.26383181373,33766.839557493484,33386.982394926315
2023/06/16,33706.79968840972,33398.455816938425,33773.26376813241,33186.77682669429
2023/06/19,33370.22876642056,33768.55930404137,33770.63927619634,33231.61498312103
2023/06/20,33387.992128238875,33268.121323457664,33476.375158209725,33086.9101239298
2023/06/21,33574.574899914565,33198.405024127904,33659.10967371285,33154.809935725745
2023/06/22,33265.80382920118,33437.00902567234,33640.57870628045,33232.60030333385
2023/06/23,32784.26214901212,33456.19206998352,33534.45838660661,32575.150009161953
2023/06/26,32699.34281443387,32647.32308915719,32884.93546425325,32392.64365753729
2023/06/27,32538.523861920472,32630.467503195458,32692.343740631528,32308.1186888181
2023/06/28,33195.16370333551,32807.43271078373,33193.74393915787,32642.11102846759
2023/06/29,33234.521074217904,33307.171681776315,33526.96897462297,33186.179756103134
2023/06/30,33190.435000320285,33067.506427440094,33232.64106740043,32918.24493176545
2023/07/03,33753.28398695135,33514.42253057099,33763.91027994589,33509.38760327176
2023/07/04,33423.029342097194,33511.875984388134,33577.975227260045,33337.79792375551
2023/07/05,33338.60590856206,33164.27354667699,33389.82297322341,33041.65486803654
2023/07/06,32773.23172470107,33058.412053661974,33079.7812849732,32638.682312626443
2023/07/07,32388.62331196653,32448.8341175392,32729.77721888954,32328.647234182863
2023/07/10,32189.082704820205,32393.323846299474,32562.780085029648,32065.17902987504
2023/07/11,32202.820505923995,32436.066757433397,32465.929432677,32083.9758475858
2023/07/12,31944.045971236126,32280.688983894415,32310.508007564385,31792.678240997062
2023/07/13,32419.222953655863,32106.63528403338,32484.87637156491,31953.09463155015
2023/07/14,32389.833653204787,32587.894900276828,32782.45199790216,32227.214337464455
2023/07/18,32493.166604474227,32457.322882428973,32715.01208711357,32338.61353557428
2023/07/19,32895.807177918774,32813.447247770055,32896.2966807192,32671.166177246556
2023/07/20,32492.091629157214,32804.1808282376,32860.53404058363,32461.867258970215
2023/07/21,32304.35112814367,32335.980536304785,32462.96691284875,32081.473599972887
2023/07/24,32701.036191155184,32647.42679164251,32794.30433720102,32554.35771657666
2023/07/25,32683.379976075004,32703.20311303294,32716.983595073296,32514.95679326249
2023/07/26,32667.73216391858,32705.330723374867,32721.35733091103,32486.15073510507
2023/07/27,32890.31835665031,32523.46016179381,32935.33050934058,32503.889443056265
2023/07/28,32759.613883638773,32442.886145215434,32846.37145002743,32034.640044910666
2023/07/31,33174.165803621916,33133.2683868383,33402.73328369015,33026.75381005124
2023/08/01,33476.1906879761,33292.00157018606,33491.39927211459,33205.00547775105
2023/08/02,32708.83531695425,33122.989303781964,33158.46447285902,32625.38829576176
2023/08/03,32159.59489206852,32377.068527977724,32467.343756735445,32143.644476237525
2023/08/04,32192.949512712567,32018.16082866521,32294.25705581155,31933.214344936492
2023/08/07,32252.041560412734,31919.44863632205,32307.255031557943,31830.21896593421
2023/08/08,32376.91543804664,32430.64371225004,32539.80052314848,32239.603626211505
2023/08/09,32204.586204875362,32347.51679587402,32405.748989930973,32175.347627510404
2023/08/10,32474.169695900517,32013.834574396325,32504.808653530297,32014.771711024117
2023/08/14,32060.416075600922,32450.254534207346,32614.60229815783,32031.691763958777
2023/08/15,32238.80235407465,32373.221656128324,32403.401799289295,32220.08746258586
2023/08/16,31768.62382605353,31965.768256313353,31997.852161735842,31766.834777300548
2023/08/17,31626.065919827437,31623.78942178731,31704.781454928205,31309.535147005998
2023/08/18,31451.180741832268,31322.124281871864,31646.006278653185,31276.326039558255
2023/08/21,31566.31373368923,31551.525183749112,31757.382779395582,31409.80149889865
2023/08/22,31857.09573913765,31792.723603281836,31904.70880503547,31693.75062586231
2023/08/23,32010.470629928273,31717.029075641487,32040.574254837837,31718.985787000856
2023/08/24,32285.980418766823,32130.108474568722,32298.031096476217,32066.171769230034
2023/08/25,31624.106146092894,31840.304667716915,31884.488097540267,31572.18600124196
2023/08/28,32168.481719348325,31917.875832274847,32206.88991824846,31881.183035368922
2023/08/29,32227.073692503764,32282.77046109174,32386.769230621787,32186.137941763234
2023/08/30,32332.90638767835,32432.91213501231,32555.94212095861,32300.59087849284
2023/08/31,32621.150624718946,32360.530313900384,32692.5294319522,32363.230920109247
2023/09/01,32711.795496642648,32521.650711919003,32845.056948341575,32500.131625032078
2023/09/04,32939.246346563734,32797.137642081,32939.60705139736,32716.296701863223
2023/09/05,33035.47702466687,32941.44928811845,33036.421925963485,32784.81020309731
2023/09/06,33240.79150192021,33115.27182294122,33282.05115671921,33083.495034353284
2023/09/07,32992.66989440978,33120.3467022282,33319.563884142175,32986.22618772696
2023/09/08,32607.596018750603,32914.03513287621,32920.77014189146,32512.35283683987
2023/09/11,32467.28843939768,32689.8468806112,32745.97003324145,32391.77938300384
2023/09/12,32774.197019798776,32628.500900274154,32800.46939057556,32486.073327510567
2023/09/13,32706.406666646384,32741.865686654004,32875.610950702336,32616.412659210557
2023/09/14,33169.841978177195,32925.71236583237,33246.133149699774,32848.09803697366
2023/09/15,33533.46257375926,33426.583364916965,33636.4793467645,33388.30712104185
2023/09/19,33239.76907148424,33297.14559060663,33339.86832503463,33128.8331158414
2023/09/20,33024.52912763354,33259.84160230917,33267.89659831661,32988.700523164305
2023/09/21,32571.27005270059,32866.036299811996,32939.73134943715,32550.469816339573
2023/09/22,32401.581370454474,32190.9437412999,32538.289210259532,32154.323380865604
2023/09/25,32678.308093429987,32514.57624180328,32722.748695372666,32390.29018549296
2023/09/26,32317.553872995068,32637.610568963857,32642.708127996073,32314.396551586495
2023/09/27,32372.33514225243,32022.76553830712,32373.95257810833,31960.56317775221
2023/09/28,31870.535974142316,32120.90273519709,32164.283644372765,31675.412777681475
2023/09/29,31854.99623387596,32019.071254905342,32028.055482035743,31713.96663956549
2023/10/02,31756.5396160794,32103.35902925292,32400.497441271444,31757.604839309835
2023/10/03,31236.5521251404,31606.407192227445,31608.018089781905,31156.93789957621
2023/10/04,30525.6440924642,30764.597028885848,30826.862081037983,30488.295305937725
2023/10/05,31075.345490225536,30732.86921850178,31083.946524613446,30564.48625110695
2023/10/06,30991.866324634593,31005.32182215379,31159.934817788537,30930.074075509423
2023/10/10,31747.300044566677,31316.397416550946,31819.36899818507,31313.336580646912
2023/10/11,31936.56212109894,31846.09981536836,32038.718845691517,31806.391070530877
2023/10/12,32494.23394061755,32120.556117627693,32494.63005414686,32119.210029841037
2023/10/13,32312.332158555542,32327.219302988018,32532.627584661004,32247.26372154604
2023/10/16,31658.172487701333,31983.11520481492,32000.01252271216,31564.771401274844
2023/10/17,32039.539999968893,32063.059204904115,32260.056947857574,31905.811239843857
2023/10/18,32042.061896018986,32031.38491856688,32101.553129256183,31867.38571769734
2023/10/19,31426.922541205815,31578.900865484193,31669.35042886847,31398.230772662922
2023/10/20,31262.692566938225,31164.533607617897,31429.552236707874,31095.75448088138
2023/10/23,30996.427017926904,31151.01820988415,31176.522893212215,30972.54918513663
2023/10/24,31062.149667420337,31159.320354181153,31209.01213950285,30551.01930448123
2023/10/25,31270.69749135551,31302.925970086966,31467.39594687717,31197.87344369743
2023/10/26,30606.344647950697,30903.027583135354,30943.92428940422,30568.054781455157
2023/10/27,30992.0803283189,30713.637243002537,31081.533472245024,30687.907674910744
2023/10/30,30697.168892186382,30664.131712736245,30762.34396915389,30538.348299127785
2023/10/31,30857.54990947612,30695.21719015577,30975.721859343488,30551.512641855363
2023/11/01,31600.544960559404,31313.47764722054,31601.166548909612,31301.308019433945
2023/11/02,31949.91492118345,31986.979380851175,32087.61055907376,31877.249744140277
2023/11/06,32709.66800156516,32450.82506685924,32763.250570926484,32395.20421021653
2023/11/07,32271.94292908406,32551.708882988107,32588.911281094006,32251.793942784356
2023/11/08,32166.799554982746,32458.585900871945,32511.84336572978,32047.66341669197
2023/11/09,32647.011902268827,32315.883890208548,32722.398852229955,32193.341565909483
2023/11/10,32568.15400196883,32491.96375798961,32593.152193248403,32247.01793069197
2023/11/13,32584.612709153458,32818.17663449913,32916.066401758646,32503.91245753544
2023/11/14,32696.740984717613,32760.581573209744,32838.32962945621,32664.512312790954
2023/11/15,33519.687538400874,33112.11478124416,33553.86664376199,33098.70186128675
2023/11/16,33424.17869984117,33399.20286478423,33614.52417450175,33233.71244828584
2023/11/17,33584.99532940666,33342.914464280686,33598.7183411286,33266.23797231116
2023/11/20,33388.31133957466,33559.684573264945,33853.37799253545,33355.66141705092
2023/11/21,33354.50587766615,33454.83897904399,33459.1370698207,33253.51876618695
2023/11/22,33452.34950269639,33180.25286833656,33595.59517966694,33184.10711595276
2023/11/24,33629.660941273774,33752.08696159769,33817.299402002114,33622.92339619478
2023/11/27,33448.20243625906,33708.70159037448,33810.685456956,33396.955706135006
2023/11/28,33407.86339415335,33521.313729941874,33546.14933544404,33300.54859563409
2023/11/29,33321.04405618955,33242.757520079394,33518.29212336575,33180.80038167264
2023/11/30,33485.890645524916,33260.20415778095,33486.61045607935,33160.88464223986
2023/12/01,33427.545114804256,33537.37628601606,33549.90794070881,33397.234470246905
2023/12/04,33232.23836556658,33317.97427485391,33324.863066328886,33022.504756795235
2023/12/05,32776.38703508109,33023.19651839786,33088.34905588612,32726.21017443402
2023/12/06,33448.7394372653,32928.90446154755,33450.784678108896,32916.25874840814
2023/12/07,32857.775347499984,33165.44682523186,33195.51267367678,32815.343583285554
2023/12/08,32308.357630405477,32602.14125963001,32605.123847610244,32206.731830309767
2023/12/11,32791.768554129,32665.382907296327,32928.062511653334,32648.905868094065
2023/12/12,32846.369650522545,33106.611539029036,33172.16024138267,32801.44971419489
2023/12/13,32925.85087769848,32974.465639025046,33105.300335975975,32865.094586529296
2023/12/14,32686.537192029922,33030.613440316556,33118.88814111839,32514.85767236705
2023/12/15,32969.273082861204,32760.59104126428,33121.75437888991,32732.967652691725
2023/12/18,32759.500569354594,32769.6293311068,32790.9432471885,32540.73589170583
2023/12/19,33220.16954625645,32774.32611183509,33221.15166320438,32653.952116377153
2023/12/20,33676.722804699195,33467.337580980726,33824.37248211877,33467.748407818755
2023/12/21,33140.910827501095,33276.52647785831,33338.65952417137,33097.88713592699
2023/12/22,33168.9272028044,33256.28096636553,33374.91082776384,33152.72574625465
2023/12/25,33251.14942241117,33414.19175724968,33416.13811980343,33221.3963633166
2023/12/26,33305.90977414702,33295.53514350134,33312.86265867731,33181.475628929256
2023/12/27,33679.77379449458,33532.546093516576,33755.47007028931,33521.38561566348
2023/12/28,33538.57482601296,33478.30327226985,33570.57442799688,33412.52523664623
2023/12/29,33466.19911389164,33459.703042426634,33651.53777504938,33306.53610642865
2024/01/04,33287.86863889683,33193.11594769382,33298.32603801842,32691.27513845054
2024/01/05,33377.90923446824,33394.454723666546,33567.85010414129,33258.373630627015
2024/01/09,33762.91357370157,33708.40943983964,33989.75052747349,33600.16716205681
2024/01/10,34442.737269177895,33896.65403583517,34539.121355672345,33886.44955441046
2024/01/11,35049.10876149663,34872.30432081536,35156.63845935309,34846.62018875647
2024/01/12,35577.19614742384,35603.20131173582,35845.04801432079,35360.00882494239
2024/01/15,35900.70503761669,35633.07694740219,36006.767412843365,35544.20173664732
2024/01/16,35618.94180038416,35910.352122213044,35955.97926046257,35589.39138943254
2024/01/17,35477.05172774359,35850.41468273285,36237.83643274671,35476.86261397929
2024/01/18,35465.311938434,35371.40017258098,35726.637538969226,35371.12800439824
2024/01/19,35964.13480425774,35913.51522043323,36077.05541394765,35789.39064772119
2024/01/22,36548.73870403006,36294.22666495824,36570.42675046817,36228.234289537446
2024/01/23,36514.1104813217,36604.3882962416,36984.3381347627,36435.98159120973
2024/01/24,36225.901964166485,36414.00839459452,36470.06072680399,36104.85413809553
2024/01/25,36234.35516987051,36213.335698541465,36313.08967197679,35912.11096044943
2024/01/26,35751.36398595493,36003.12821645393,36060.622312717605,35687.62078429857
2024/01/29,36030.010131605064,35813.74079627031,36190.30662939734,35812.882938454066
2024/01/30,36066.88185587627,36196.75466062291,36250.519183702694,36039.1450629101
2024/01/31,36288.75957858645,35748.04924689994,36292.486714465515,35704.74310592332
2024/02/01,36015.27941574298,36008.400421461454,36146.240557752484,35923.03642935211
2024/02/02,36157.312326068066,36250.70133955549,36440.13077936005,36084.15726221507
2024/02/05,36354.857066055185,36419.96319438959,36451.89747417886,36209.83868396777
2024/02/06,36161.39123807368,36248.39437771908,36293.84913067097,36065.32713645102
2024/02/07,36120.485522894436,36005.37654817798,36197.77433022636,35851.657907281406
2024/02/08,36864.93752261228,36259.74568601448,36956.702118414585,36210.75884951268
2024/02/09,36898.41672809468,36914.33813151036,37289.27566560019,36807.454987473866
2024/02/13,37964.15254833776,37250.12175065872,38010.53651607171,37180.70404435446
2024/02/14,37704.12426114243,37713.53490701705,37825.46072551796,37593.63889555864
2024/02/15,38160.957676720594,38018.25118713851,38189.164985101794,37938.45870558997
2024/02/16,38484.02180742242,38516.840046244855,38863.2488913362,38361.538844981216
2024/02/19,38468.58591430037,38470.650902206675,38556.242571610266,38282.206184728486
2024/02/20,38364.97999346932,38509.219335675116,38742.15964929177,38286.836415142876
2024/02/21,38262.09038693999,38191.332295947606,38339.75058613433,38095.967686951204
2024/02/22,39098.32277942853,38509.84051883615,39156.83680085182,38505.85068697664
2024/02/26,39233.6337854565,39321.40624493052,39385.34978015371,39181.17167329982
2024/02/27,39239.51549294427,39261.56461542807,39426.16048893493,39112.75930699289
2024/02/28,39207.624683424416,39189.738203616645,39283.60651845891,39076.088301971984
2024/02/29,39167.3926778433,38936.03731801417,39249.81631280014,38878.12729458047
2024/03/01,39913.39284489447,39253.97243695902,39989.94517905578,39225.16457983327
2024/03/04,40108.90692992134,40202.418793337245,40314.389930882,40001.04140738162
2024/03/05,40099.50340622015,39882.38210765442,40226.8179585722,39839.773180939774
2024/03/06,40090.73190547254,39790.43566167244,40148.16092251045,39768.883030535166
2024/03/07,39598.72908621312,40330.944208942725,40472.752806140794,39518.23296080298
2024/03/08,39692.90791833882,39809.51788433163,39991.92064244533,39550.34278838316
2024/03/11,38820.857067776655,39232.714001418266,39239.545104931356,38496.70505519302
2024/03/12,38797.72229369181,38469.18024523997,38842.43738946835,38271.91889898233
2024/03/13,38694.594721135414,39059.17123382853,39147.42201994272,38454.35192095034
2024/03/14,38806.94065606263,38592.472178305594,38839.96438100699,38396.62932856057
2024/03/15,38707.90348131218,38547.01595811967,38807.05345666817,38519.531249315005
2024/03/18,39740.187866987806,38959.54759885646,39769.95945066704,38935.95476082301
2024/03/19,40004.42924951153,39622.51131170897,40007.13407847791,39406.735230999264
2024/03/21,40815.887043181065,40511.02199496509,40822.75747700354,40450.171959074774
2024/03/22,40886.88505616674,40941.65202986826,41087.41536081547,40712.98419823784
2024/03/25,40411.30947327814,40799.76203214828,40836.881575915344,40415.67480835882
2024/03/26,40398.46025217548,40344.01893902619,40529.39413150455,40278.424039838836
2024/03/27,40762.26339845883,40517.94916400165,40980.08224745966,40454.05156288482
2024/03/28,40169.69811905461,40323.88794161321,40481.85953279621,40053.84453770148
2024/03/29,40366.21224212584,40278.91067746368,40518.015630573806,40267.58759697347
2024/04/01,39802.49596649744,40647.89771841626,40698.07156920517,39705.20133407725
2024/04/02,39839.05424070095,39892.605385933784,40150.224079795364,39706.82149406434
2024/04/03,39451.6738745031,39502.883097577775,39626.810978522924,39215.45677089537
2024/04/04,39772.308384699194,39930.11567542726,40242.1565101094,39774.6936212779
2024/04/05,38991.375732644505,39237.490128551195,39274.007942257966,38772.45558735362
2024/04/08,39346.07524542391,39392.6252491698,39617.90396316471,39195.65933188748
2024/04/09,39772.74082753194,39496.78715447496,39772.99774902219,39478.516610555635
2024/04/10,39582.43152596027,39582.856034655284,39707.64393745308,39510.07336562272
2024/04/11,39441.849133762036,39082.805445763275,39474.68819928182,39065.60706750241
2024/04/12,39522.17282716966,39722.37455977856,39774.48360995342,39457.19258547688
2024/04/15,39232.31358649398,39057.72601617765,39234.1270346198,38820.31261945139
2024/04/16,38471.12488960255,38750.06689959213,38766.299389849235,38324.252217737325
2024/04/17,37962.001693146056,38587.437625986226,38589.6797330994,37963.268460459316
2024/04/18,38080.37851369448,37743.732500503895,38214.53862110104,37644.933737487605
2024/04/19,37071.60770076359,37722.940678905084,37749.432613274315,36731.75848406151
2024/04/22,37437.054536300726,37237.585386506435,37513.20831383603,37053.55625146926
2024/04/23,37557.68508365294,37797.460584649496,37815.187139318485,37398.36861550357
2024/04/24,38462.109752370176,37871.682055930825,38459.95916882922,37857.930015148486
2024/04/25,37627.992735364096,38064.767552030564,38127.92814369221,37604.27422065447
2024/04/26,37935.26697352445,37729.24225363729,38092.75328805251,37550.388547780436
2024/04/30,38404.9003663918,38312.902488349995,38610.22609274938,38182.18775846109
2024/05/01,38273.12041565131,38107.38553751359,38430.854718870825,38034.54664298058
2024/05/02,38236.90726538377,38004.85085399994,38355.69242317592,37959.762546384634
2024/05/07,38836.27565405523,38635.00576937569,38865.20366951072,38541.152144905034
2024/05/08,38203.349813473105,38678.2074463107,38750.12948750719,38159.100264145534
2024/05/09,38073.27754340607,38244.951106654,38431.23243983932,38071.42132340598
2024/05/10,38230.417650876036,38362.30032987233,38741.48622707975,38124.98286278237
2024/05/13,38176.42521048353,38213.6246524035,38272.92120815325,37970.66491532795
2024/05/14,38356.65241399282,38289.547728877515,38478.86315462459,38084.38526994586
2024/05/15,38384.31762072288,38536.15821332546,38816.82164176852,38333.710121118245
2024/05/16,38919.51666935041,38646.415877402855,38948.337464727636,38513.37227075827
2024/05/17,38785.099798112555,38560.9273649572,38841.96072829357,38541.714139065625
2024/05/20,39069.71101783148,38762.06100430522,39436.63530583181,38704.51191910413
2024/05/21,38948.732617969334,39233.40341971584,39344.837078720775,38942.529958718194
2024/05/22,38616.77134289821,38825.40457251932,38857.62098882792,38592.90216750252
2024/05/23,39101.07561184161,38803.07819460791,39130.79389696459,38617.24088456044
2024/05/24,38645.43946602715,38506.30764719057,38739.615647642684,38367.36143722485
2024/05/27,38899.51697495374,38766.16170935933,38898.47532661396,38668.13828463947
2024/05/28,38857.483590924145,38878.78518482189,38980.6877182044,38751.930435740054
2024/05/29,38555.2507288115,38877.27770542063,39142.149805194764,38523.56232949123
2024/05/30,38053.43827701601,38112.65749226763,38139.09285554361,37617.00544332961
2024/05/31,38489.689712805,38173.0344396573,38526.2153228155,38087.68009010604
2024/06/03,38924.15035774787,38733.330209291125,39034.84915372633,38734.94234185572
2024/06/04,38837.42198650183,38701.25106609849,38894.50285303151,38592.19875691758
2024/06/05,38490.86392001338,38654.77430623591,38656.70495631903,38344.08159189904
2024/06/06,38703.16310010513,38841.39105784078,39011.64375991013,38692.861379314556
2024/06/07,38684.9342361645,38598.32569178187,38747.23278155519,38560.96710143186
2024/06/10,39038.50218216892,38689.836166938614,39080.48310393724,38689.893317657006
2024/06/11,39134.41152065691,39175.76846735132,39337.41933634826,39074.606455863795
2024/06/12,38876.823524500396,38860.58112686707,38945.810066832164,38808.091849902325
2024/06/13,38719.85766542121,39182.31099793346,39253.346951256775,38689.23940688235
2024/06/14,38814.05650986633,38584.93974266417,39025.820210215716,38553.20857362001
2024/06/17,38102.774587380314,38440.737099497936,38441.292198444506,37951.54612969615
2024/06/18,38483.08345611544,38435.20126923524,38519.29381635661,38329.85256246414
2024/06/19,38571.94976512638,38653.244479104564,38799.05838624744,38452.98596913999
2024/06/20,38633.25642890316,38410.618589522,38637.82756310045,38261.647398575435
2024/06/21,38597.12852537395,38608.53072754576,38796.09428606762,38531.73904670862
2024/06/24,38804.321860522636,38495.43135711993,38905.89033931504,38414.88011573005
2024/06/25,39173.11050155652,38836.1296697901,39219.43106954953,38756.422856327496
2024/06/26,39667.12360757285,39364.0869698494,39788.83080845669,39233.52524000479
2024/06/27,39344.030324749205,39433.260614596526,39439.07232053179,39191.38852965766
2024/06/28,39583.00019312741,39593.64162576019,39784.1434028038,39485.85975025992
2024/07/01,39632.131754921465,39839.227120876465,39946.477638122895,39543.09242724994
2024/07/02,40074.793090534986,39543.55111133996,40115.074816557244,39457.86370529527
2024/07/03,40580.5119951144,40225.59922636429,40694.52768086914,40174.60220543586
2024/07/04,40914.239868100005,40747.56367467793,40970.81650650569,40602.6817107882
2024/07/05,40913.31227228086,41006.11924558501,41100.357711533885,40747.89300617068
2024/07/08,40778.93757852192,40862.16003951477,41112.89698579875,40780.73878610067
2024/07/09,41579.89549073714,40954.64225558656,41769.141532078385,40942.31778306529
2024/07/10,41831.21644581416,41443.80231577459,41890.4157972298,41429.12995793595
2024/07/11,42227.022575153154,42344.89899520409,42426.94355201944,42102.13397548592
2024/07/12,41191.34773153026,41668.45791279316,41755.281652567704,41193.057643473054
2024/07/16,41274.07026540805,41367.23167384349,41517.770733081175,41220.11857412393
2024/07/17,41098.2167013014,41419.802032342974,41465.091297636645,41055.30839185832
2024/07/18,40127.60753783018,40522.11329137765,40588.32564141512,40105.283963406466
